addresses,hw_vendor,id,last_seen,names,os,os_version,sources
10.0.7.30,Microsoft,042a9e5a-f634-4ae2-bd98-c5e688b0625f,1759385538,RZHQ-LAPTOP-730,Microsoft Windows 11,,"AzureAD, CrowdStrike, Nessus, runZero"
"10.0.8.37, 192.168.30.56",Apple,04fe7752-3e99-4dff-86f9-915eee5c5470,1759385618,RZHQ-LAPTOP-837,Apple macOS,,"AzureAD, CrowdStrike, Custom, Nessus, runZero"
10.0.12.20,Microsoft,058f4557-034f-42fa-a4ea-36c41b75b75a,1759385530,RZDC-LAPTOP-1220,Microsoft Windows 11,,"AzureAD, CrowdStrike, Nessus, runZero"
"10.0.13.29, 192.168.30.56",Apple,05cae968-afa4-42be-b917-dc5c2db93112,1759385619,RZDC-LAPTOP-1329,Apple macOS,,"AzureAD, CrowdStrike, Custom, Nessus, runZero"
"23.20.0.16, 172.31.0.16, fde9:727a:fd38:8773:1088:fd34:80c0:7b82",AWS,01c4be39-f842-43f2-a262-b12f034b8e98,1759385644,"RZCLOUD-SERVER-016, RZCLOUD-SERVER-016.COMPUTE.AMAZONAWS.COM, RZCLOUD-SERVER-016.COMPUTE.INTERNAL, RZCLOUD-SERVER-016.US-EAST-2.COMPUTE.AMAZONAWS.COM",Microsoft Windows,,"AWS, CrowdStrike, Nessus, Qualys, Wiz, runZero"
"23.20.4.11, 172.31.4.11, fde9:727a:9e9b:40e:c957:45e5:d83d:3981",AWS,05d17427-a221-477b-9b6d-a72a798bbf36,1759385646,"RZCLOUD-SERVER-411, RZCLOUD-SERVER-411.COMPUTE.AMAZONAWS.COM, RZCLOUD-SERVER-411.COMPUTE.INTERNAL, RZCLOUD-SERVER-411.US-EAST-2.COMPUTE.AMAZONAWS.COM",Microsoft Windows,,"AWS, CrowdStrike, Nessus, Qualys, Wiz, runZero"
"10.0.12.31, 192.168.30.56",Apple,0d862105-7792-4afb-98f6-21bffb9bb384,1759385619,RZDC-LAPTOP-1231,Apple macOS,,"AzureAD, CrowdStrike, Custom, Nessus, runZero"
10.0.14.26,Microsoft,0806dec2-13d8-4315-98ff-bb6fa27f3108,1759385533,RZDC-LAPTOP-1426,Microsoft Windows 11,,"AzureAD, CrowdStrike, Nessus, runZero"
10.0.17.12,Microsoft,0bc38a85-2de9-4836-bc1c-6b595da7f98b,1759385537,RZDC-LAPTOP-1712,Microsoft Windows 11,,"AzureAD, CrowdStrike, Nessus, runZero"
10.0.18.36,Apple,0a9ebdda-7fd5-4b14-a61b-03e869f96369,1759385538,RZDC-LAPTOP-1836,Apple macOS,14,runZero
"23.20.4.8, 172.31.4.8, fde9:727a:1146:a5cf:e15d:41ae:5cf1:5e44",AWS,0cae6173-33e3-483b-8ad3-53795c738484,1759385644,"RZCLOUD-SERVER-48, RZCLOUD-SERVER-48.COMPUTE.AMAZONAWS.COM, RZCLOUD-SERVER-48.COMPUTE.INTERNAL, RZCLOUD-SERVER-48.US-EAST-2.COMPUTE.AMAZONAWS.COM",Microsoft Windows,,"AWS, CrowdStrike, Nessus, Qualys, Wiz, runZero"
"10.0.9.12, 192.168.30.56",Apple,12f9962d-1f81-47a0-8208-dcb6935dc20f,1759385621,RZHQ-LAPTOP-912,Apple macOS,,"AzureAD, CrowdStrike, Custom, Nessus, runZero"
"23.20.0.23, 172.31.0.23, fde9:727a:4d3d:fdd2:b7ba:1b4:4236:2988",AWS,14354b3d-8559-40b4-b092-173470241fd8,1759385646,"RZCLOUD-SERVER-023, RZCLOUD-SERVER-023.COMPUTE.AMAZONAWS.COM, RZCLOUD-SERVER-023.COMPUTE.INTERNAL, RZCLOUD-SERVER-023.US-EAST-2.COMPUTE.AMAZONAWS.COM",Microsoft Windows,,"AWS, CrowdStrike, Nessus, Qualys, Wiz, runZero"
"10.0.6.8, 192.168.30.56",Apple,1e992938-ddb7-4170-9c39-2acb7dbcafda,1759385617,RZHQ-LAPTOP-68,Apple macOS,,"AzureAD, CrowdStrike, Custom, Nessus, runZero"
"10.0.11.40, 192.168.30.56",Apple,1c3c9ece-8254-476e-8968-2db4fac3a9e9,1759385617,RZDC-LAPTOP-1140,Apple macOS,,"AzureAD, CrowdStrike, Custom, Nessus, runZero"
10.0.15.39,Microsoft,1dfc7b59-0195-407f-a95b-b96f438d2da9,1759385535,RZDC-LAPTOP-1539,Microsoft Windows 11,,"AzureAD, CrowdStrike, Nessus, runZero"
"23.20.0.38, 172.31.0.38, fde9:727a:f887:c892:73de:ff7e:e682:e2fc",AWS,1e664e7f-a19b-444b-96d0-ccfbe7c8985c,1759385647,"RZCLOUD-SERVER-038, RZCLOUD-SERVER-038.CORP.RUNZERO.COM, RZCLOUD-SERVER-038.COMPUTE.AMAZONAWS.COM, RZCLOUD-SERVER-038.COMPUTE.INTERNAL, RZCLOUD-SERVER-038.US-EAST-2.COMPUTE.AMAZONAWS.COM",Microsoft Windows,,"AWS, CrowdStrike, Nessus, Qualys, Wiz, runZero"
"23.20.2.7, 172.31.2.7, fde9:727a:6da5:4810:46fb:58c4:858c:4dd9",AWS,1bff9b62-3563-4300-a70a-6692da4fac2d,1759385646,"RZCLOUD-SERVER-27, RZCLOUD-SERVER-27.RUNZERO.LOCAL, RZCLOUD-SERVER-27.COMPUTE.AMAZONAWS.COM, RZCLOUD-SERVER-27.COMPUTE.INTERNAL, RZCLOUD-SERVER-27.US-EAST-2.COMPUTE.AMAZONAWS.COM",Microsoft Windows,,"AWS, CrowdStrike, Nessus, Qualys, Wiz, runZero"
"23.20.3.37, 172.31.3.37, fde9:727a:fb22:2db:50cf:4d87:6bc0:d588",AWS,1fab98c7-2ae8-4e8a-8f63-914e5e5b4acb,1759385645,"RZCLOUD-SERVER-337, RZCLOUD-SERVER-337.COMPUTE.AMAZONAWS.COM, RZCLOUD-SERVER-337.COMPUTE.INTERNAL, RZCLOUD-SERVER-337.US-EAST-2.COMPUTE.AMAZONAWS.COM",Microsoft Windows,,"AWS, CrowdStrike, Nessus, Qualys, Wiz, runZero"
10.0.13.47,Apple,251a95cf-a9ac-4c23-adc1-0d9721c47053,1759385532,RZDC-LAPTOP-1347,Apple macOS,14,runZero
10.0.19.43,Apple,2765fa0d-1137-4acb-adcd-d292957e0c7f,1759385541,RZDC-LAPTOP-1943,Apple macOS,14,runZero
"23.20.0.14, 172.31.0.14, fde9:727a:340:5f43:ca71:1bbd:cab6:d296",AWS,26f0d2e4-5fd3-4760-ac8f-ff8ad8fc69ca,1759385646,"RZCLOUD-SERVER-014, RZCLOUD-SERVER-014.CORP.RUNZERO.COM, RZCLOUD-SERVER-014.COMPUTE.AMAZONAWS.COM, RZCLOUD-SERVER-014.COMPUTE.INTERNAL, RZCLOUD-SERVER-014.US-EAST-2.COMPUTE.AMAZONAWS.COM",Microsoft Windows,,"AWS, CrowdStrike, Nessus, Qualys, Wiz, runZero"
"23.20.4.45, 172.31.4.45, fde9:727a:5fd0:3225:aa30:47e9:e4b6:9512",AWS,23e6f167-effd-429f-8dd5-08e718ae2ec7,1759385646,"RZCLOUD-SERVER-445, RZCLOUD-SERVER-445.CORP.RUNZERO.COM, RZCLOUD-SERVER-445.COMPUTE.AMAZONAWS.COM, RZCLOUD-SERVER-445.COMPUTE.INTERNAL, RZCLOUD-SERVER-445.US-EAST-2.COMPUTE.AMAZONAWS.COM",Microsoft Windows,,"AWS, CrowdStrike, Nessus, Qualys, Wiz, runZero"
"10.0.5.30, 192.168.30.56",Apple,2be906ac-1dcf-4a4f-adf5-6030a42fd620,1759385618,RZHQ-LAPTOP-530,Apple macOS,,"AzureAD, CrowdStrike, Custom, Nessus, runZero"
"10.0.15.44, 192.168.30.56",Apple,2e1e1e5d-be0a-4e3e-b592-54977081f72f,1759385617,RZDC-LAPTOP-1544,Apple macOS,,"AzureAD, CrowdStrike, Custom, Nessus, runZero"
"23.20.0.33, 172.31.0.33, fde9:727a:4ccc:c6b0:bec2:8ebd:1c1d:2d8c",AWS,28c4a274-0c87-4b91-aefb-c8c0c261559f,1759385645,"RZCLOUD-SERVER-033, RZCLOUD-SERVER-033.COMPUTE.AMAZONAWS.COM, RZCLOUD-SERVER-033.COMPUTE.INTERNAL, RZCLOUD-SERVER-033.US-EAST-2.COMPUTE.AMAZONAWS.COM",Microsoft Windows,,"AWS, CrowdStrike, Nessus, Qualys, Wiz, runZero"
"23.20.0.42, 172.31.0.42, fde9:727a:6f05:72a1:9c64:51f6:b6c5:6150",AWS,2f54f728-e1da-4c8d-b193-5171dac78923,1759385645,"RZCLOUD-SERVER-042, RZCLOUD-SERVER-042.COMPUTE.AMAZONAWS.COM, RZCLOUD-SERVER-042.COMPUTE.INTERNAL, RZCLOUD-SERVER-042.US-EAST-2.COMPUTE.AMAZONAWS.COM",Microsoft Windows,,"AWS, CrowdStrike, Nessus, Qualys, Wiz, runZero"
"23.20.4.5, 172.31.4.5, fde9:727a:32d3:3f68:e11:25eb:ce:6a0e",AWS,2cf0f9ea-0ccf-4510-970a-c6208bf195cb,1759385645,"RZCLOUD-SERVER-45, RZCLOUD-SERVER-45.RUNZERO.LOCAL, RZCLOUD-SERVER-45.COMPUTE.AMAZONAWS.COM, RZCLOUD-SERVER-45.COMPUTE.INTERNAL, RZCLOUD-SERVER-45.US-EAST-2.COMPUTE.AMAZONAWS.COM",Microsoft Windows,,"AWS, CrowdStrike, Nessus, Qualys, Wiz, runZero"
"10.0.5.3, 192.168.30.56",Apple,3406858c-f39f-4a29-94d7-3a4d1c9651b2,1759385619,RZHQ-LAPTOP-53,Apple macOS,,"AzureAD, CrowdStrike, Custom, Nessus, runZero"
10.0.7.15,Apple,3202e9a9-f131-44ce-a0a9-31cdfcdeaf6f,1759385538,RZHQ-LAPTOP-715,Apple macOS,14,runZero
10.0.13.19,Microsoft,350d9d05-701b-4623-9db2-248413b5d68a,1759385532,RZDC-LAPTOP-1319,Microsoft Windows 11,,"AzureAD, CrowdStrike, Nessus, runZero"
"23.20.0.13, 172.31.0.13, fde9:727a:65f:d9a2:bcfb:60b4:87a3:8056",AWS,35408183-e982-44f3-8c42-bd14f7366809,1759385644,"RZCLOUD-SERVER-013, RZCLOUD-SERVER-013.RUNZERO.LOCAL, RZCLOUD-SERVER-013.COMPUTE.AMAZONAWS.COM, RZCLOUD-SERVER-013.COMPUTE.INTERNAL, RZCLOUD-SERVER-013.US-EAST-2.COMPUTE.AMAZONAWS.COM",Microsoft Windows,,"AWS, CrowdStrike, Nessus, Qualys, Wiz, runZero"
"23.20.1.36, 172.31.1.36, fde9:727a:bf4:cef2:400a:49d8:bf00:8997",AWS,31f5359c-d65f-4934-8db2-403cc66f9d86,1759385644,"RZCLOUD-SERVER-136, RZCLOUD-SERVER-136.CORP.RUNZERO.COM, RZCLOUD-SERVER-136.COMPUTE.AMAZONAWS.COM, RZCLOUD-SERVER-136.COMPUTE.INTERNAL, RZCLOUD-SERVER-136.US-EAST-2.COMPUTE.AMAZONAWS.COM",Microsoft Windows,,"AWS, CrowdStrike, Nessus, Qualys, Wiz, runZero"
"23.20.3.8, 172.31.3.8, fde9:727a:2dd3:d2a7:2453:c784:460b:1fc6",AWS,31e60e4f-8f4c-4f00-bc9e-8c13acff01b3,1759385644,"RZCLOUD-SERVER-38, RZCLOUD-SERVER-38.COMPUTE.AMAZONAWS.COM, RZCLOUD-SERVER-38.COMPUTE.INTERNAL, RZCLOUD-SERVER-38.US-EAST-2.COMPUTE.AMAZONAWS.COM",Microsoft Windows,,"AWS, CrowdStrike, Nessus, Qualys, Wiz, runZero"
10.0.1.23,Proxmox,3cd3173f-3f57-441d-8dcf-fbe3cfcad071,1759385530,RZHQ-LAPTOP-123,Microsoft Windows 11 (22H2),22H2,runZero
10.0.18.4,Microsoft,3a679c97-9046-41fd-b16f-d4a90c9e4ddd,1759385537,RZDC-LAPTOP-184,Microsoft Windows 11,,"AzureAD, CrowdStrike, Nessus, runZero"
"23.20.0.50, 172.31.0.50, fde9:727a:61b4:1d51:205b:62e7:9490:8f94",AWS,3d6c9764-1681-44e4-b4d9-db709cec7a63,1759385646,"RZCLOUD-SERVER-050, RZCLOUD-SERVER-050.RUNZERO.LOCAL, RZCLOUD-SERVER-050.COMPUTE.AMAZONAWS.COM, RZCLOUD-SERVER-050.COMPUTE.INTERNAL, RZCLOUD-SERVER-050.US-EAST-2.COMPUTE.AMAZONAWS.COM",Microsoft Windows,,"AWS, CrowdStrike, Nessus, Qualys, Wiz, runZero"
10.0.17.29,Microsoft,4207f4fa-d8a3-43d6-8ee7-6abc7ff1e232,1759385537,RZDC-LAPTOP-1729,Microsoft Windows 11,,"AzureAD, CrowdStrike, Nessus, runZero"
"23.20.0.44, 172.31.0.44, fde9:727a:785b:a6e9:749f:799d:92b7:2a76",AWS,42a46e32-07cc-4ba1-af43-472a1e83773c,1759385645,"RZCLOUD-SERVER-044, RZCLOUD-SERVER-044.COMPUTE.AMAZONAWS.COM, RZCLOUD-SERVER-044.COMPUTE.INTERNAL, RZCLOUD-SERVER-044.US-EAST-2.COMPUTE.AMAZONAWS.COM",Microsoft Windows,,"AWS, CrowdStrike, Nessus, Qualys, Wiz, runZero"
"23.20.1.28, 172.31.1.28, fde9:727a:fb9c:e285:b403:c70d:79e4:827b",AWS,4345c2e4-09a3-40fc-a09f-19524c0d82ab,1759385645,"RZCLOUD-SERVER-128, RZCLOUD-SERVER-128.COMPUTE.AMAZONAWS.COM, RZCLOUD-SERVER-128.COMPUTE.INTERNAL, RZCLOUD-SERVER-128.US-EAST-2.COMPUTE.AMAZONAWS.COM",Microsoft Windows,,"AWS, CrowdStrike, Nessus, Qualys, Wiz, runZero"
"23.20.3.7, 172.31.3.7, fde9:727a:d669:a18e:75ea:890b:85c0:69cc",AWS,44e0a533-eac1-486b-ab6d-327126ad202e,1759385645,"RZCLOUD-SERVER-37, RZCLOUD-SERVER-37.RUNZERO.LOCAL, RZCLOUD-SERVER-37.COMPUTE.AMAZONAWS.COM, RZCLOUD-SERVER-37.COMPUTE.INTERNAL, RZCLOUD-SERVER-37.US-EAST-2.COMPUTE.AMAZONAWS.COM",Microsoft Windows,,"AWS, CrowdStrike, Nessus, Qualys, Wiz, runZero"
10.0.1.16,Microsoft,4ac9618b-b322-461a-badb-ed9ecfb64059,1759385530,RZHQ-LAPTOP-116,Microsoft Windows 11,,"AzureAD, CrowdStrike, Nessus, runZero"
"10.0.13.22, 192.168.30.56",Apple,4f4eeb83-fa16-4db4-8b50-9227ba281fc6,1759385607,"RZDC-LAPTOP-1322, RZHQ-LAPTOP-912",Apple macOS,14.0,"Custom, runZero"
"23.20.0.24, 172.31.0.24, fde9:727a:8a60:15ce:7a23:b20b:904f:9c9e",AWS,4b6372ef-9072-43e9-b612-1360490eb3f9,1759385646,"RZCLOUD-SERVER-024, RZCLOUD-SERVER-024.CORP.RUNZERO.COM, RZCLOUD-SERVER-024.COMPUTE.AMAZONAWS.COM, RZCLOUD-SERVER-024.COMPUTE.INTERNAL, RZCLOUD-SERVER-024.US-EAST-2.COMPUTE.AMAZONAWS.COM",Microsoft Windows,,"AWS, CrowdStrike, Nessus, Qualys, Wiz, runZero"
"23.20.1.33, 172.31.1.33, fde9:727a:f780:7a4e:870b:bfab:58e2:1ad2",AWS,48858b5b-5ef5-4b42-87d3-5d593bc2656c,1759385644,"RZCLOUD-SERVER-133, RZCLOUD-SERVER-133.CORP.RUNZERO.COM, RZCLOUD-SERVER-133.COMPUTE.AMAZONAWS.COM, RZCLOUD-SERVER-133.COMPUTE.INTERNAL, RZCLOUD-SERVER-133.US-EAST-2.COMPUTE.AMAZONAWS.COM",Microsoft Windows,,"AWS, CrowdStrike, Nessus, Qualys, Wiz, runZero"
"23.20.1.45, 172.31.1.45, fde9:727a:8d52:b5c6:6548:dc19:c2d3:e784",AWS,4e87093f-74af-4a72-907f-01c24f84f31e,1759385644,"RZCLOUD-SERVER-145, RZCLOUD-SERVER-145.CORP.RUNZERO.COM, RZCLOUD-SERVER-145.COMPUTE.AMAZONAWS.COM, RZCLOUD-SERVER-145.COMPUTE.INTERNAL, RZCLOUD-SERVER-145.US-EAST-2.COMPUTE.AMAZONAWS.COM",Microsoft Windows,,"AWS, CrowdStrike, Nessus, Qualys, Wiz, runZero"
"23.20.2.28, 172.31.2.28, fde9:727a:94e:e06d:ddc:7e2a:685e:d67f",AWS,484f9f53-47fd-47eb-a0cd-604314d9955a,1759385645,"RZCLOUD-SERVER-228, RZCLOUD-SERVER-228.CORP.RUNZERO.COM, RZCLOUD-SERVER-228.COMPUTE.AMAZONAWS.COM, RZCLOUD-SERVER-228.COMPUTE.INTERNAL, RZCLOUD-SERVER-228.US-EAST-2.COMPUTE.AMAZONAWS.COM",Microsoft Windows,,"AWS, CrowdStrike, Nessus, Qualys, Wiz, runZero"
"23.20.3.49, 172.31.3.49, fde9:727a:179b:8700:4a72:179d:172e:e20f",AWS,4d3788c6-d497-461a-ba31-a0b81b9401eb,1759385644,"RZCLOUD-SERVER-349, RZCLOUD-SERVER-349.CORP.RUNZERO.COM, RZCLOUD-SERVER-349.COMPUTE.AMAZONAWS.COM, RZCLOUD-SERVER-349.COMPUTE.INTERNAL, RZCLOUD-SERVER-349.US-EAST-2.COMPUTE.AMAZONAWS.COM",Microsoft Windows,,"AWS, CrowdStrike, Nessus, Qualys, Wiz, runZero"
"10.0.5.50, 192.168.30.56",Apple,54ab3143-2040-4d6f-8b21-9d0d468ed70e,1759385620,RZHQ-LAPTOP-550,Apple macOS,,"AzureAD, CrowdStrike, Custom, Nessus, runZero"
10.0.16.18,Apple,512a5fe1-c0e2-411b-92ef-fe11e08dd153,1759385536,RZDC-LAPTOP-1618,Apple macOS,14,runZero
"23.20.0.27, 172.31.0.27, fde9:727a:8039:c210:53ee:b69f:3fa:eaec",AWS,519be8c1-bb93-49bf-98cd-e020bb83c559,1759385646,"RZCLOUD-SERVER-027, RZCLOUD-SERVER-027.COMPUTE.AMAZONAWS.COM, RZCLOUD-SERVER-027.COMPUTE.INTERNAL, RZCLOUD-SERVER-027.US-EAST-2.COMPUTE.AMAZONAWS.COM",Microsoft Windows,,"AWS, CrowdStrike, Nessus, Qualys, Wiz, runZero"
"23.20.1.48, 172.31.1.48, fde9:727a:c0ab:3648:9ee0:ce6d:ee0d:e1bd",AWS,5453a338-20a0-4978-91e5-b75f6046f7dc,1759385645,"RZCLOUD-SERVER-148, RZCLOUD-SERVER-148.CORP.RUNZERO.COM, RZCLOUD-SERVER-148.COMPUTE.AMAZONAWS.COM, RZCLOUD-SERVER-148.COMPUTE.INTERNAL, RZCLOUD-SERVER-148.US-EAST-2.COMPUTE.AMAZONAWS.COM",Microsoft Windows,,"AWS, CrowdStrike, Nessus, Qualys, Wiz, runZero"
"23.20.2.40, 172.31.2.40, fde9:727a:ffff:e853:ae74:9a2b:24c6:f037",AWS,546696b6-7258-44f1-b1a6-ecf4ff872358,1759385644,"RZCLOUD-SERVER-240, RZCLOUD-SERVER-240.RUNZERO.LOCAL, RZCLOUD-SERVER-240.COMPUTE.AMAZONAWS.COM, RZCLOUD-SERVER-240.COMPUTE.INTERNAL, RZCLOUD-SERVER-240.US-EAST-2.COMPUTE.AMAZONAWS.COM",Microsoft Windows,,"AWS, CrowdStrike, Nessus, Qualys, Wiz, runZero"
"23.20.4.12, 172.31.4.12, fde9:727a:4027:375d:a71d:ac85:89c6:7dc3",AWS,557497dc-0537-48ff-a858-63031469a5d2,1759385646,"RZCLOUD-SERVER-412, RZCLOUD-SERVER-412.CORP.RUNZERO.COM, RZCLOUD-SERVER-412.COMPUTE.AMAZONAWS.COM, RZCLOUD-SERVER-412.COMPUTE.INTERNAL, RZCLOUD-SERVER-412.US-EAST-2.COMPUTE.AMAZONAWS.COM",Microsoft Windows,,"AWS, CrowdStrike, Nessus, Qualys, Wiz, runZero"
"10.0.1.27, 192.168.30.56",Apple,5a6fba3e-d64a-402d-bc89-294ad4c93b29,1759385619,RZHQ-LAPTOP-127,Apple macOS,,"AzureAD, CrowdStrike, Custom, Nessus, runZero"
"10.0.8.43, 192.168.30.56",Apple,58b7bbf0-96fc-4011-9575-dbb676a63668,1759385619,RZHQ-LAPTOP-843,Apple macOS,,"AzureAD, CrowdStrike, Custom, Nessus, runZero"
"10.0.14.25, 192.168.30.56",Apple,5c395c05-ebc0-40db-8460-9bad6de7a6b8,1759385619,RZDC-LAPTOP-1425,Apple macOS,,"AzureAD, CrowdStrike, Custom, Nessus, runZero"
"23.20.2.19, 172.31.2.19, fde9:727a:22bc:d20d:c3a2:b1be:8ccc:117d",AWS,5d1cf381-508e-45e9-b981-a28720600e4d,1759385644,"RZCLOUD-SERVER-219, RZCLOUD-SERVER-219.COMPUTE.AMAZONAWS.COM, RZCLOUD-SERVER-219.COMPUTE.INTERNAL, RZCLOUD-SERVER-219.US-EAST-2.COMPUTE.AMAZONAWS.COM",Microsoft Windows,,"AWS, CrowdStrike, Nessus, Qualys, Wiz, runZero"
"23.20.3.22, 172.31.3.22, fde9:727a:62d0:2397:befd:4fe:c119:5414",AWS,5e49ee4b-9987-479a-beb2-6f8314fff63d,1759385645,"RZCLOUD-SERVER-322, RZCLOUD-SERVER-322.RUNZERO.LOCAL, RZCLOUD-SERVER-322.COMPUTE.AMAZONAWS.COM, RZCLOUD-SERVER-322.COMPUTE.INTERNAL, RZCLOUD-SERVER-322.US-EAST-2.COMPUTE.AMAZONAWS.COM",Microsoft Windows,,"AWS, CrowdStrike, Nessus, Qualys, Wiz, runZero"
"23.20.0.45, 172.31.0.45, fde9:727a:cdd5:42a5:2f41:507c:fa55:b0be",AWS,67e0b95f-db00-4515-b16e-530ea3fe505d,1759385646,"RZCLOUD-SERVER-045, RZCLOUD-SERVER-045.COMPUTE.AMAZONAWS.COM, RZCLOUD-SERVER-045.COMPUTE.INTERNAL, RZCLOUD-SERVER-045.US-EAST-2.COMPUTE.AMAZONAWS.COM",Microsoft Windows,,"AWS, CrowdStrike, Nessus, Qualys, Wiz, runZero"
"23.20.1.30, 172.31.1.30, fde9:727a:fef6:2179:acc:c4a2:231c:6d44",AWS,61e831dc-2467-4616-9719-d2769a88c6ef,1759385645,"RZCLOUD-SERVER-130, RZCLOUD-SERVER-130.COMPUTE.AMAZONAWS.COM, RZCLOUD-SERVER-130.COMPUTE.INTERNAL, RZCLOUD-SERVER-130.US-EAST-2.COMPUTE.AMAZONAWS.COM",Microsoft Windows,,"AWS, CrowdStrike, Nessus, Qualys, Wiz, runZero"
10.0.13.31,Apple,69a31d5c-e5b7-449e-9645-295dd8318d19,1759385532,RZDC-LAPTOP-1331,Apple macOS,14,runZero
10.0.15.37,Apple,686fff0c-c535-4550-8f74-20c4e0d882c8,1759385535,RZDC-LAPTOP-1537,Apple macOS,14,runZero
"23.20.0.19, 172.31.0.19, fde9:727a:fa85:7919:ef29:9650:dd21:475",AWS,6878e939-8b0d-417d-9666-3837b332af4f,1759385646,"RZCLOUD-SERVER-019, RZCLOUD-SERVER-019.CORP.RUNZERO.COM, RZCLOUD-SERVER-019.COMPUTE.AMAZONAWS.COM, RZCLOUD-SERVER-019.COMPUTE.INTERNAL, RZCLOUD-SERVER-019.US-EAST-2.COMPUTE.AMAZONAWS.COM",Microsoft Windows,,"AWS, CrowdStrike, Nessus, Qualys, Wiz, runZero"
"23.20.0.9, 172.31.0.9, fde9:727a:69a4:577c:1e96:c3d3:5a5c:5b37",AWS,764bfd03-c9b1-46fb-8ab0-1cf7f0f92f63,1759385645,"RZCLOUD-SERVER-09, RZCLOUD-SERVER-09.COMPUTE.AMAZONAWS.COM, RZCLOUD-SERVER-09.COMPUTE.INTERNAL, RZCLOUD-SERVER-09.US-EAST-2.COMPUTE.AMAZONAWS.COM",Microsoft Windows,,"AWS, CrowdStrike, Nessus, Qualys, Wiz, runZero"
"23.20.0.15, 172.31.0.15, fde9:727a:fedc:d696:b4a1:1382:cd2f:4541",AWS,722bfd0a-e715-478b-b8a2-515b5373f2b1,1759385644,"RZCLOUD-SERVER-015, RZCLOUD-SERVER-015.RUNZERO.LOCAL, RZCLOUD-SERVER-015.COMPUTE.AMAZONAWS.COM, RZCLOUD-SERVER-015.COMPUTE.INTERNAL, RZCLOUD-SERVER-015.US-EAST-2.COMPUTE.AMAZONAWS.COM",Microsoft Windows,,"AWS, CrowdStrike, Nessus, Qualys, Wiz, runZero"
"23.20.1.24, 172.31.1.24, fde9:727a:d712:e894:b5a3:188f:6bd4:1dcd",AWS,712f3d60-58e3-414e-a87a-baf9fef5478d,1759385647,"RZCLOUD-SERVER-124, RZCLOUD-SERVER-124.CORP.RUNZERO.COM, RZCLOUD-SERVER-124.COMPUTE.AMAZONAWS.COM, RZCLOUD-SERVER-124.COMPUTE.INTERNAL, RZCLOUD-SERVER-124.US-EAST-2.COMPUTE.AMAZONAWS.COM",Microsoft Windows,,"AWS, CrowdStrike, Nessus, Qualys, Wiz, runZero"
"23.20.3.4, 172.31.3.4, fde9:727a:6d75:e974:31d6:cc99:fc17:5625",AWS,72d64a68-5bab-4908-8666-3a4f77f1f772,1759385644,"RZCLOUD-SERVER-34, RZCLOUD-SERVER-34.RUNZERO.LOCAL, RZCLOUD-SERVER-34.COMPUTE.AMAZONAWS.COM, RZCLOUD-SERVER-34.COMPUTE.INTERNAL, RZCLOUD-SERVER-34.US-EAST-2.COMPUTE.AMAZONAWS.COM",Microsoft Windows,,"AWS, CrowdStrike, Nessus, Qualys, Wiz, runZero"
"23.20.3.24, 172.31.3.24, fde9:727a:b83:875c:c2cd:800c:a33c:716f",AWS,73448eed-4d7d-4872-9c15-8da107a8da20,1759385646,"RZCLOUD-SERVER-324, RZCLOUD-SERVER-324.CORP.RUNZERO.COM, RZCLOUD-SERVER-324.COMPUTE.AMAZONAWS.COM, RZCLOUD-SERVER-324.COMPUTE.INTERNAL, RZCLOUD-SERVER-324.US-EAST-2.COMPUTE.AMAZONAWS.COM",Microsoft Windows,,"AWS, CrowdStrike, Nessus, Qualys, Wiz, runZero"
"23.20.4.29, 172.31.4.29, fde9:727a:ff0b:3d51:b50f:34b8:4794:f8f9",AWS,77038b9d-4da2-42b7-9999-e06328b8c967,1759385646,"RZCLOUD-SERVER-429, RZCLOUD-SERVER-429.COMPUTE.AMAZONAWS.COM, RZCLOUD-SERVER-429.COMPUTE.INTERNAL, RZCLOUD-SERVER-429.US-EAST-2.COMPUTE.AMAZONAWS.COM",Microsoft Windows,,"AWS, CrowdStrike, Nessus, Qualys, Wiz, runZero"
10.0.1.39,Apple,7af4fce1-70dc-4586-a1b5-d5f32c17b58c,1759385530,RZHQ-LAPTOP-139,Apple macOS,14,runZero
10.0.3.11,Apple,7bed2890-9118-4e45-95d9-a4c2d23fe31e,1759385532,RZHQ-LAPTOP-311,Apple macOS,,"AzureAD, CrowdStrike, Nessus, runZero"
10.0.6.9,Microsoft,78b97f08-eee7-4e68-b207-4f6e88fb10e1,1759385536,RZHQ-LAPTOP-69,Microsoft Windows 11,,"AzureAD, CrowdStrike, Nessus, runZero"
10.0.12.2,,79dfdc1c-9588-4ec3-a444-c4dbaccce7dc,1759385530,RZDC-FIREWALL-122,Microsoft Windows,,runZero
"23.20.0.5, 172.31.0.5, fde9:727a:2967:1cfb:b31a:e236:235f:d871",AWS,7d3ecadf-8fc5-4609-ac53-75ff7fbf79d1,1759385645,"RZCLOUD-SERVER-05, RZCLOUD-SERVER-05.COMPUTE.AMAZONAWS.COM, RZCLOUD-SERVER-05.COMPUTE.INTERNAL, RZCLOUD-SERVER-05.US-EAST-2.COMPUTE.AMAZONAWS.COM",Microsoft Windows,,"AWS, CrowdStrike, Nessus, Qualys, Wiz, runZero"
"23.20.1.50, 172.31.1.50, fde9:727a:dbd2:5f70:be93:a9a:a199:7c73",AWS,7ebb7f2a-4388-4c54-9157-fda6846a5776,1759385645,"RZCLOUD-SERVER-150, RZCLOUD-SERVER-150.COMPUTE.AMAZONAWS.COM, RZCLOUD-SERVER-150.COMPUTE.INTERNAL, RZCLOUD-SERVER-150.US-EAST-2.COMPUTE.AMAZONAWS.COM",Microsoft Windows,,"AWS, CrowdStrike, Nessus, Qualys, Wiz, runZero"
"23.20.2.5, 172.31.2.5, fde9:727a:e1fa:a97:fe1a:5fce:86db:fa8b",AWS,7d456910-78e5-4422-8778-bb37fb921db0,1759385644,"RZCLOUD-SERVER-25, RZCLOUD-SERVER-25.COMPUTE.AMAZONAWS.COM, RZCLOUD-SERVER-25.COMPUTE.INTERNAL, RZCLOUD-SERVER-25.US-EAST-2.COMPUTE.AMAZONAWS.COM",Microsoft Windows,,"AWS, CrowdStrike, Nessus, Qualys, Wiz, runZero"
"23.20.4.1, 172.31.4.1, fde9:727a:aa88:4cbe:609c:3d36:a236:f14e",AWS,78a11cfc-a419-4fca-95e6-386588c71d2e,1759385644,"RZCLOUD-SERVER-41, RZCLOUD-SERVER-41.COMPUTE.AMAZONAWS.COM, RZCLOUD-SERVER-41.COMPUTE.INTERNAL, RZCLOUD-SERVER-41.US-EAST-2.COMPUTE.AMAZONAWS.COM",Microsoft Windows,,"AWS, CrowdStrike, Nessus, Qualys, Wiz, runZero"
"23.20.2.33, 172.31.2.33, fde9:727a:ac86:8ade:3737:cba4:fa7c:426",AWS,842b7304-5a2a-4495-92f6-ce5de66a5a5e,1759385646,"RZCLOUD-SERVER-233, RZCLOUD-SERVER-233.COMPUTE.AMAZONAWS.COM, RZCLOUD-SERVER-233.COMPUTE.INTERNAL, RZCLOUD-SERVER-233.US-EAST-2.COMPUTE.AMAZONAWS.COM",Microsoft Windows,,"AWS, CrowdStrike, Nessus, Qualys, Wiz, runZero"
"23.20.2.50, 172.31.2.50, fde9:727a:fdbe:8bcd:967c:f43d:d124:55cf",AWS,81f802a8-04ab-491c-9525-0daf3758f90d,1759385644,"RZCLOUD-SERVER-250, RZCLOUD-SERVER-250.COMPUTE.AMAZONAWS.COM, RZCLOUD-SERVER-250.COMPUTE.INTERNAL, RZCLOUD-SERVER-250.US-EAST-2.COMPUTE.AMAZONAWS.COM",Microsoft Windows,,"AWS, CrowdStrike, Nessus, Qualys, Wiz, runZero"
"23.20.4.49, 172.31.4.49, fde9:727a:6b90:ace4:f442:f6ba:494f:fec0",AWS,8416902e-c965-496b-86d4-49a71e24fc5b,1759385645,"RZCLOUD-SERVER-449, RZCLOUD-SERVER-449.COMPUTE.AMAZONAWS.COM, RZCLOUD-SERVER-449.COMPUTE.INTERNAL, RZCLOUD-SERVER-449.US-EAST-2.COMPUTE.AMAZONAWS.COM",Microsoft Windows,,"AWS, CrowdStrike, Nessus, Qualys, Wiz, runZero"
10.0.4.50,Microsoft,890d9499-5289-49d1-be13-a61247e4a890,1759385535,RZHQ-LAPTOP-450,Microsoft Windows 11,,"AzureAD, CrowdStrike, Nessus, runZero"
"23.20.0.34, 172.31.0.34, fde9:727a:2819:c039:3227:766a:de30:fe6",AWS,8bcc5ea3-9839-44e0-bbdf-c6b4852384f4,1759385646,"RZCLOUD-SERVER-034, RZCLOUD-SERVER-034.CORP.RUNZERO.COM, RZCLOUD-SERVER-034.COMPUTE.AMAZONAWS.COM, RZCLOUD-SERVER-034.COMPUTE.INTERNAL, RZCLOUD-SERVER-034.US-EAST-2.COMPUTE.AMAZONAWS.COM",Microsoft Windows,,"AWS, CrowdStrike, Nessus, Qualys, Wiz, runZero"
"23.20.0.48, 172.31.0.48, fde9:727a:b035:727a:2ce1:9aef:467c:94f6",AWS,8bfc5602-d30c-4eba-b898-24de1021877a,1759385644,"RZCLOUD-SERVER-048, RZCLOUD-SERVER-048.COMPUTE.AMAZONAWS.COM, RZCLOUD-SERVER-048.COMPUTE.INTERNAL, RZCLOUD-SERVER-048.US-EAST-2.COMPUTE.AMAZONAWS.COM",Microsoft Windows,,"AWS, CrowdStrike, Nessus, Qualys, Wiz, runZero"
"23.20.1.10, 172.31.1.10, fde9:727a:2843:1b26:483b:6d02:aeac:582f",AWS,8b1707d2-fbf3-4f41-b42d-c2d33a1b4f9d,1759385644,"RZCLOUD-SERVER-110, RZCLOUD-SERVER-110.CORP.RUNZERO.COM, RZCLOUD-SERVER-110.COMPUTE.AMAZONAWS.COM, RZCLOUD-SERVER-110.COMPUTE.INTERNAL, RZCLOUD-SERVER-110.US-EAST-2.COMPUTE.AMAZONAWS.COM",Microsoft Windows,,"AWS, CrowdStrike, Nessus, Qualys, Wiz, runZero"
"23.20.1.25, 172.31.1.25, fde9:727a:5e0b:bb23:ab52:e042:6efd:8676",AWS,8dc76021-2375-415a-93f0-5ddbd3201dee,1759385644,"RZCLOUD-SERVER-125, RZCLOUD-SERVER-125.CORP.RUNZERO.COM, RZCLOUD-SERVER-125.COMPUTE.AMAZONAWS.COM, RZCLOUD-SERVER-125.COMPUTE.INTERNAL, RZCLOUD-SERVER-125.US-EAST-2.COMPUTE.AMAZONAWS.COM",Microsoft Windows,,"AWS, CrowdStrike, Nessus, Qualys, Wiz, runZero"
"23.20.1.29, 172.31.1.29, fde9:727a:7a0:7646:9ef9:1797:ee55:6f54",AWS,8c91248c-f17b-4a7e-b44d-259e1b3cbb69,1759385645,"RZCLOUD-SERVER-129, RZCLOUD-SERVER-129.RUNZERO.LOCAL, RZCLOUD-SERVER-129.COMPUTE.AMAZONAWS.COM, RZCLOUD-SERVER-129.COMPUTE.INTERNAL, RZCLOUD-SERVER-129.US-EAST-2.COMPUTE.AMAZONAWS.COM",Microsoft Windows,,"AWS, CrowdStrike, Nessus, Qualys, Wiz, runZero"
"23.20.2.1, 172.31.2.1, fde9:727a:ecba:ee03:e391:a239:2678:99ca",AWS,8fee3140-4ba9-440f-a86e-0eda6a9feee1,1759385646,"RZCLOUD-SERVER-21, RZCLOUD-SERVER-21.RUNZERO.LOCAL, RZCLOUD-SERVER-21.COMPUTE.AMAZONAWS.COM, RZCLOUD-SERVER-21.COMPUTE.INTERNAL, RZCLOUD-SERVER-21.US-EAST-2.COMPUTE.AMAZONAWS.COM",Microsoft Windows,,"AWS, CrowdStrike, Nessus, Qualys, Wiz, runZero"
"23.20.2.44, 172.31.2.44, fde9:727a:47dd:a308:3189:f76d:58e7:3f2e",AWS,8f6fb153-2cc0-47c0-bc64-c59b4672794e,1759385646,"RZCLOUD-SERVER-244, RZCLOUD-SERVER-244.RUNZERO.LOCAL, RZCLOUD-SERVER-244.COMPUTE.AMAZONAWS.COM, RZCLOUD-SERVER-244.COMPUTE.INTERNAL, RZCLOUD-SERVER-244.US-EAST-2.COMPUTE.AMAZONAWS.COM",Microsoft Windows,,"AWS, CrowdStrike, Nessus, Qualys, Wiz, runZero"
"23.20.1.16, 172.31.1.16, fde9:727a:ea78:29b6:2502:31a3:b6c2:de",AWS,9588c0cc-0e51-4542-921e-1bbed9bd1ed0,1759385646,"RZCLOUD-SERVER-116, RZCLOUD-SERVER-116.COMPUTE.AMAZONAWS.COM, RZCLOUD-SERVER-116.COMPUTE.INTERNAL, RZCLOUD-SERVER-116.US-EAST-2.COMPUTE.AMAZONAWS.COM",Microsoft Windows,,"AWS, CrowdStrike, Nessus, Qualys, Wiz, runZero"
"23.20.1.19, 172.31.1.19, fde9:727a:e34:3980:b6d3:e75b:ed06:9ab9",AWS,95fdab42-b256-4c8b-b437-45157017efbb,1759385644,"RZCLOUD-SERVER-119, RZCLOUD-SERVER-119.COMPUTE.AMAZONAWS.COM, RZCLOUD-SERVER-119.COMPUTE.INTERNAL, RZCLOUD-SERVER-119.US-EAST-2.COMPUTE.AMAZONAWS.COM",Microsoft Windows,,"AWS, CrowdStrike, Nessus, Qualys, Wiz, runZero"
"23.20.1.32, 172.31.1.32, fde9:727a:5323:bed1:ea64:e334:9165:a31a",AWS,92a70279-3288-45dd-8fb6-9e5d5a95f92d,1759385646,"RZCLOUD-SERVER-132, RZCLOUD-SERVER-132.CORP.RUNZERO.COM, RZCLOUD-SERVER-132.COMPUTE.AMAZONAWS.COM, RZCLOUD-SERVER-132.COMPUTE.INTERNAL, RZCLOUD-SERVER-132.US-EAST-2.COMPUTE.AMAZONAWS.COM",Microsoft Windows,,"AWS, CrowdStrike, Nessus, Qualys, Wiz, runZero"
"23.20.3.1, 172.31.3.1, fde9:727a:ca3b:f8a0:fdf9:4578:f16a:1b09",AWS,901bc28b-072e-47f7-bbdf-04311cb46538,1759385644,"RZCLOUD-SERVER-31, RZCLOUD-SERVER-31.RUNZERO.LOCAL, RZCLOUD-SERVER-31.COMPUTE.AMAZONAWS.COM, RZCLOUD-SERVER-31.COMPUTE.INTERNAL, RZCLOUD-SERVER-31.US-EAST-2.COMPUTE.AMAZONAWS.COM",Microsoft Windows,,"AWS, CrowdStrike, Nessus, Qualys, Wiz, runZero"
"23.20.3.12, 172.31.3.12, fde9:727a:3bbc:b4d9:5854:d07d:5efb:8d1d",AWS,95382b11-a16b-481b-aebb-d0763330d366,1759385645,"RZCLOUD-SERVER-312, RZCLOUD-SERVER-312.RUNZERO.LOCAL, RZCLOUD-SERVER-312.COMPUTE.AMAZONAWS.COM, RZCLOUD-SERVER-312.COMPUTE.INTERNAL, RZCLOUD-SERVER-312.US-EAST-2.COMPUTE.AMAZONAWS.COM",Microsoft Windows,,"AWS, CrowdStrike, Nessus, Qualys, Wiz, runZero"
"23.20.3.14, 172.31.3.14, fde9:727a:e181:49ef:1fe1:d455:165:e99d",AWS,91d8dd30-fc04-4c4a-b2f7-e5dd7688d5ac,1759385645,"RZCLOUD-SERVER-314, RZCLOUD-SERVER-314.CORP.RUNZERO.COM, RZCLOUD-SERVER-314.COMPUTE.AMAZONAWS.COM, RZCLOUD-SERVER-314.COMPUTE.INTERNAL, RZCLOUD-SERVER-314.US-EAST-2.COMPUTE.AMAZONAWS.COM",Microsoft Windows,,"AWS, CrowdStrike, Nessus, Qualys, Wiz, runZero"
"23.20.4.31, 172.31.4.31, fde9:727a:44a7:8429:bd05:55b5:6a89:23b3",AWS,96594b10-eeef-4466-a470-58c3db1e36bb,1759385646,"RZCLOUD-SERVER-431, RZCLOUD-SERVER-431.RUNZERO.LOCAL, RZCLOUD-SERVER-431.COMPUTE.AMAZONAWS.COM, RZCLOUD-SERVER-431.COMPUTE.INTERNAL, RZCLOUD-SERVER-431.US-EAST-2.COMPUTE.AMAZONAWS.COM",Microsoft Windows,,"AWS, CrowdStrike, Nessus, Qualys, Wiz, runZero"
10.0.6.26,Microsoft,9ac51f5b-6264-4cd0-bfad-27ab12f8a70d,1759385537,RZHQ-LAPTOP-626,Microsoft Windows 11,,"AzureAD, CrowdStrike, Nessus, runZero"
"10.0.7.37, 192.168.30.56",Apple,9a2bab62-3dab-45cb-bb57-f5944e51e84e,1759385618,RZHQ-LAPTOP-737,Apple macOS,,"AzureAD, CrowdStrike, Custom, Nessus, runZero"
10.0.17.2,,9b395f3b-a918-461d-a4f9-ceefc5672b95,1759385537,RZDC-FIREWALL-172,Microsoft Windows,,runZero
10.0.18.43,Microsoft,9d87d424-4c5b-44f4-be47-a79de42dfc84,1759385539,RZDC-LAPTOP-1843,Microsoft Windows 11,,"AzureAD, CrowdStrike, Nessus, runZero"
"23.20.2.4, 172.31.2.4, fde9:727a:7d18:43e4:239:1097:df52:ab87",AWS,9b01b0e2-383c-41b7-9934-f4fe26222b19,1759385646,"RZCLOUD-SERVER-24, RZCLOUD-SERVER-24.CORP.RUNZERO.COM, RZCLOUD-SERVER-24.COMPUTE.AMAZONAWS.COM, RZCLOUD-SERVER-24.COMPUTE.INTERNAL, RZCLOUD-SERVER-24.US-EAST-2.COMPUTE.AMAZONAWS.COM",Microsoft Windows,,"AWS, CrowdStrike, Nessus, Qualys, Wiz, runZero"
"23.20.2.49, 172.31.2.49, fde9:727a:58c5:f62b:9c23:d5f4:4caf:c3be",AWS,9f2ef41a-32c8-4077-be22-a87934f7d1cf,1759385646,"RZCLOUD-SERVER-249, RZCLOUD-SERVER-249.COMPUTE.AMAZONAWS.COM, RZCLOUD-SERVER-249.COMPUTE.INTERNAL, RZCLOUD-SERVER-249.US-EAST-2.COMPUTE.AMAZONAWS.COM",Microsoft Windows,,"AWS, CrowdStrike, Nessus, Qualys, Wiz, runZero"
10.0.13.20,Microsoft,a6872c42-c625-461b-9e8e-21ac7cf70ff2,1759385532,RZDC-LAPTOP-1320,Microsoft Windows 11,,"AzureAD, CrowdStrike, Nessus, runZero"
10.0.17.44,Microsoft,a6a7acf0-09ad-4ad3-9172-ef0543ff99b4,1759385537,RZDC-LAPTOP-1744,Microsoft Windows 11,,"AzureAD, CrowdStrike, Nessus, runZero"
10.0.7.16,Microsoft,a994bff5-48bc-41c2-9268-c1902bc5933d,1759385538,RZHQ-LAPTOP-716,Microsoft Windows 11,,"AzureAD, CrowdStrike, Nessus, runZero"
10.0.11.8,Microsoft,ab493bcb-51ff-425d-8e14-f00d71628034,1759385528,RZDC-LAPTOP-118,Microsoft Windows 11,,"AzureAD, CrowdStrike, Nessus, runZero"
10.0.19.34,Proxmox,affa5024-f742-4e92-9458-3d697013bc8d,1759385540,RZDC-LAPTOP-1934,Microsoft Windows 11 (22H2),22H2,runZero
"23.20.3.30, 172.31.3.30, fde9:727a:dda0:72:a941:1d3b:1be5:849e",AWS,ac2909a5-8d3e-4d5a-9895-c3685b08bfef,1759385646,"RZCLOUD-SERVER-330, RZCLOUD-SERVER-330.CORP.RUNZERO.COM, RZCLOUD-SERVER-330.COMPUTE.AMAZONAWS.COM, RZCLOUD-SERVER-330.COMPUTE.INTERNAL, RZCLOUD-SERVER-330.US-EAST-2.COMPUTE.AMAZONAWS.COM",Microsoft Windows,,"AWS, CrowdStrike, Nessus, Qualys, Wiz, runZero"
"10.0.3.23, 192.168.30.56",Apple,b40ca2d3-cea1-4ab8-abfb-3f2ef2a4ba03,1759385617,RZHQ-LAPTOP-323,Apple macOS,,"AzureAD, CrowdStrike, Custom, Nessus, runZero"
"23.20.2.35, 172.31.2.35, fde9:727a:626e:14dd:7415:6662:a1ac:46ca",AWS,b1c32bbe-6707-4364-8a28-a2f1103d80ac,1759385645,"RZCLOUD-SERVER-235, RZCLOUD-SERVER-235.CORP.RUNZERO.COM, RZCLOUD-SERVER-235.COMPUTE.AMAZONAWS.COM, RZCLOUD-SERVER-235.COMPUTE.INTERNAL, RZCLOUD-SERVER-235.US-EAST-2.COMPUTE.AMAZONAWS.COM",Microsoft Windows,,"AWS, CrowdStrike, Nessus, Qualys, Wiz, runZero"
"23.20.2.38, 172.31.2.38, fde9:727a:aab3:ae1f:4fea:5250:57a9:85b7",AWS,b4891d6f-c9fa-4b8e-a61e-3c723fedc829,1759385645,"RZCLOUD-SERVER-238, RZCLOUD-SERVER-238.COMPUTE.AMAZONAWS.COM, RZCLOUD-SERVER-238.COMPUTE.INTERNAL, RZCLOUD-SERVER-238.US-EAST-2.COMPUTE.AMAZONAWS.COM",Microsoft Windows,,"AWS, CrowdStrike, Nessus, Qualys, Wiz, runZero"
10.0.14.41,Microsoft,b8c5ed61-6555-49c6-a27e-27423928b6e4,1759385533,RZDC-LAPTOP-1441,Microsoft Windows 11,,"AzureAD, CrowdStrike, Nessus, runZero"
10.0.15.18,Microsoft,baf983cc-20e4-4a37-95ea-54108cac64fb,1759385534,RZDC-LAPTOP-1518,Microsoft Windows 11,,"AzureAD, CrowdStrike, Nessus, runZero"
"23.20.2.10, 172.31.2.10, fde9:727a:a3b9:1b78:c817:e9ec:cd52:8082",AWS,b9c152c9-3d8f-42e9-b537-bc95b3dde1a7,1759385645,"RZCLOUD-SERVER-210, RZCLOUD-SERVER-210.COMPUTE.AMAZONAWS.COM, RZCLOUD-SERVER-210.COMPUTE.INTERNAL, RZCLOUD-SERVER-210.US-EAST-2.COMPUTE.AMAZONAWS.COM",Microsoft Windows,,"AWS, CrowdStrike, Nessus, Qualys, Wiz, runZero"
"23.20.2.18, 172.31.2.18, fde9:727a:8bb9:a24a:d96b:15d6:99fb:d3ff",AWS,b9f675f3-075a-4688-a626-21225c049c5d,1759385644,"RZCLOUD-SERVER-218, RZCLOUD-SERVER-218.CORP.RUNZERO.COM, RZCLOUD-SERVER-218.COMPUTE.AMAZONAWS.COM, RZCLOUD-SERVER-218.COMPUTE.INTERNAL, RZCLOUD-SERVER-218.US-EAST-2.COMPUTE.AMAZONAWS.COM",Microsoft Windows,,"AWS, CrowdStrike, Nessus, Qualys, Wiz, runZero"
"23.20.3.29, 172.31.3.29, fde9:727a:95d0:7c18:e874:9ea0:a1ba:1ce9",AWS,bee33624-5aab-4456-b648-3cd39ce4afb4,1759385646,"RZCLOUD-SERVER-329, RZCLOUD-SERVER-329.RUNZERO.LOCAL, RZCLOUD-SERVER-329.COMPUTE.AMAZONAWS.COM, RZCLOUD-SERVER-329.COMPUTE.INTERNAL, RZCLOUD-SERVER-329.US-EAST-2.COMPUTE.AMAZONAWS.COM",Microsoft Windows,,"AWS, CrowdStrike, Nessus, Qualys, Wiz, runZero"
"23.20.1.26, 172.31.1.26, fde9:727a:c40f:aca6:3d37:635e:101e:1ca9",AWS,c74e42a2-5e0e-4e6f-98a4-61093d3baf28,1759385645,"RZCLOUD-SERVER-126, RZCLOUD-SERVER-126.COMPUTE.AMAZONAWS.COM, RZCLOUD-SERVER-126.COMPUTE.INTERNAL, RZCLOUD-SERVER-126.US-EAST-2.COMPUTE.AMAZONAWS.COM",Microsoft Windows,,"AWS, CrowdStrike, Nessus, Qualys, Wiz, runZero"
"23.20.2.42, 172.31.2.42, fde9:727a:b8df:e374:ab8a:4ac5:cd49:92d3",AWS,c37f7ce2-0ced-4c12-9e26-26c20f4f2529,1759385646,"RZCLOUD-SERVER-242, RZCLOUD-SERVER-242.COMPUTE.AMAZONAWS.COM, RZCLOUD-SERVER-242.COMPUTE.INTERNAL, RZCLOUD-SERVER-242.US-EAST-2.COMPUTE.AMAZONAWS.COM",Microsoft Windows,,"AWS, CrowdStrike, Nessus, Qualys, Wiz, runZero"
"23.20.3.9, 172.31.3.9, fde9:727a:f778:d520:37f0:dde2:d0d9:20c2",AWS,c74a5b15-c928-481c-840b-0b58c1016316,1759385644,"RZCLOUD-SERVER-39, RZCLOUD-SERVER-39.CORP.RUNZERO.COM, RZCLOUD-SERVER-39.COMPUTE.AMAZONAWS.COM, RZCLOUD-SERVER-39.COMPUTE.INTERNAL, RZCLOUD-SERVER-39.US-EAST-2.COMPUTE.AMAZONAWS.COM",Microsoft Windows,,"AWS, CrowdStrike, Nessus, Qualys, Wiz, runZero"
"10.0.6.29, 192.168.30.56",Apple,cd8e2595-e581-471b-a1e1-b7f1031b3f9e,1759385618,RZHQ-LAPTOP-629,Apple macOS,,"AzureAD, CrowdStrike, Custom, Nessus, runZero"
10.0.9.11,Microsoft,cde5c4f8-9e8c-461e-a891-26cf8e9f29c6,1759385541,RZHQ-LAPTOP-911,Microsoft Windows 11,,"AzureAD, CrowdStrike, Nessus, runZero"
10.0.13.44,Microsoft,cb1f981b-f0b8-449f-8fcb-98c5a39d80cd,1759385532,RZDC-LAPTOP-1344,Microsoft Windows 11,,"AzureAD, CrowdStrike, Nessus, runZero"
10.0.19.17,Microsoft,c8d1480f-5662-4a5c-acf7-21451e9c1ccb,1759385539,RZDC-LAPTOP-1917,Microsoft Windows 11,,"AzureAD, CrowdStrike, Nessus, runZero"
"23.20.0.20, 172.31.0.20, fde9:727a:9066:b71e:d8a0:3ec7:26aa:149b",AWS,cb1d41f1-3b0d-48ef-8c5d-3fe072bc8997,1759385644,"RZCLOUD-SERVER-020, RZCLOUD-SERVER-020.RUNZERO.LOCAL, RZCLOUD-SERVER-020.COMPUTE.AMAZONAWS.COM, RZCLOUD-SERVER-020.COMPUTE.INTERNAL, RZCLOUD-SERVER-020.US-EAST-2.COMPUTE.AMAZONAWS.COM",Microsoft Windows,,"AWS, CrowdStrike, Nessus, Qualys, Wiz, runZero"
"23.20.0.22, 172.31.0.22, fde9:727a:9a75:d36a:a1db:bf52:1771:14bd",AWS,cb2bc5d8-d9c6-46aa-af6b-fce4fecf55b0,1759385645,"RZCLOUD-SERVER-022, RZCLOUD-SERVER-022.RUNZERO.LOCAL, RZCLOUD-SERVER-022.COMPUTE.AMAZONAWS.COM, RZCLOUD-SERVER-022.COMPUTE.INTERNAL, RZCLOUD-SERVER-022.US-EAST-2.COMPUTE.AMAZONAWS.COM",Microsoft Windows,,"AWS, CrowdStrike, Nessus, Qualys, Wiz, runZero"
"23.20.0.37, 172.31.0.37, fde9:727a:51f5:15e6:3fb2:cb2:9725:aaa4",AWS,c9982fd1-13b1-47d7-a1b9-e790097374be,1759385644,"RZCLOUD-SERVER-037, RZCLOUD-SERVER-037.COMPUTE.AMAZONAWS.COM, RZCLOUD-SERVER-037.COMPUTE.INTERNAL, RZCLOUD-SERVER-037.US-EAST-2.COMPUTE.AMAZONAWS.COM",Microsoft Windows,,"AWS, CrowdStrike, Nessus, Qualys, Wiz, runZero"
"23.20.1.21, 172.31.1.21, fde9:727a:482a:e53b:3503:a23:c68c:ce6",AWS,c818dacf-af72-4ad0-99d6-6f986cfb4f6d,1759385644,"RZCLOUD-SERVER-121, RZCLOUD-SERVER-121.CORP.RUNZERO.COM, RZCLOUD-SERVER-121.COMPUTE.AMAZONAWS.COM, RZCLOUD-SERVER-121.COMPUTE.INTERNAL, RZCLOUD-SERVER-121.US-EAST-2.COMPUTE.AMAZONAWS.COM",Microsoft Windows,,"AWS, CrowdStrike, Nessus, Qualys, Wiz, runZero"
"23.20.2.26, 172.31.2.26, fde9:727a:8873:4b67:5f18:52b1:cff1:f6d7",AWS,cab94579-38b6-4611-b1e1-ec09144fb678,1759385645,"RZCLOUD-SERVER-226, RZCLOUD-SERVER-226.RUNZERO.LOCAL, RZCLOUD-SERVER-226.COMPUTE.AMAZONAWS.COM, RZCLOUD-SERVER-226.COMPUTE.INTERNAL, RZCLOUD-SERVER-226.US-EAST-2.COMPUTE.AMAZONAWS.COM",Microsoft Windows,,"AWS, CrowdStrike, Nessus, Qualys, Wiz, runZero"
"23.20.3.25, 172.31.3.25, fde9:727a:592e:c583:f3c4:8a44:226e:47da",AWS,d4989713-26b3-48b5-a396-2dafb4cdebc9,1759385646,"RZCLOUD-SERVER-325, RZCLOUD-SERVER-325.CORP.RUNZERO.COM, RZCLOUD-SERVER-325.COMPUTE.AMAZONAWS.COM, RZCLOUD-SERVER-325.COMPUTE.INTERNAL, RZCLOUD-SERVER-325.US-EAST-2.COMPUTE.AMAZONAWS.COM",Microsoft Windows,,"AWS, CrowdStrike, Nessus, Qualys, Wiz, runZero"
"23.20.4.18, 172.31.4.18, fde9:727a:deb0:f9fb:7333:dc59:cd41:75ae",AWS,d621d83f-0eec-4b4f-95da-427cd5b38f4d,1759385646,"RZCLOUD-SERVER-418, RZCLOUD-SERVER-418.RUNZERO.LOCAL, RZCLOUD-SERVER-418.COMPUTE.AMAZONAWS.COM, RZCLOUD-SERVER-418.COMPUTE.INTERNAL, RZCLOUD-SERVER-418.US-EAST-2.COMPUTE.AMAZONAWS.COM",Microsoft Windows,,"AWS, CrowdStrike, Nessus, Qualys, Wiz, runZero"
"23.20.1.39, 172.31.1.39, fde9:727a:2171:ea59:cc4c:8448:136f:7364",AWS,dabcd88c-69d0-419d-ab44-622bfe7b093d,1759385645,"RZCLOUD-SERVER-139, RZCLOUD-SERVER-139.COMPUTE.AMAZONAWS.COM, RZCLOUD-SERVER-139.COMPUTE.INTERNAL, RZCLOUD-SERVER-139.US-EAST-2.COMPUTE.AMAZONAWS.COM",Microsoft Windows,,"AWS, CrowdStrike, Nessus, Qualys, Wiz, runZero"
"23.20.4.26, 172.31.4.26, fde9:727a:d7bf:fc00:f05f:92ef:9964:31f8",AWS,dda1d1ba-0cfb-4c10-8ac4-8157e9af6dea,1759385645,"RZCLOUD-SERVER-426, RZCLOUD-SERVER-426.CORP.RUNZERO.COM, RZCLOUD-SERVER-426.COMPUTE.AMAZONAWS.COM, RZCLOUD-SERVER-426.COMPUTE.INTERNAL, RZCLOUD-SERVER-426.US-EAST-2.COMPUTE.AMAZONAWS.COM",Microsoft Windows,,"AWS, CrowdStrike, Nessus, Qualys, Wiz, runZero"
10.0.0.31,Microsoft,e4ef9fcb-d326-40fe-9a2e-861fb48382ff,1759385529,RZHQ-LAPTOP-031,Microsoft Windows 11,,"AzureAD, CrowdStrike, Nessus, runZero"
10.0.4.2,,e1f98d54-8e3f-466b-be3c-ac2cbaec1516,1759385534,RZHQ-FIREWALL-42,Microsoft Windows,,runZero
10.0.9.10,Apple,e4e4551e-9428-46fb-962a-e67f3063f6ae,1759385541,RZHQ-LAPTOP-910,Apple macOS,14,runZero
10.0.9.40,Apple,e21bc76a-80b9-47d0-942e-aa04b57464d7,1759385542,RZHQ-LAPTOP-940,Apple macOS,14,runZero
"23.20.0.31, 172.31.0.31, fde9:727a:1e0f:8f46:3781:ccbd:4bc5:6bf6",AWS,ea760e49-4bad-44b9-a125-2fecb4735e46,1759385644,"RZCLOUD-SERVER-031, RZCLOUD-SERVER-031.CORP.RUNZERO.COM, RZCLOUD-SERVER-031.COMPUTE.AMAZONAWS.COM, RZCLOUD-SERVER-031.COMPUTE.INTERNAL, RZCLOUD-SERVER-031.US-EAST-2.COMPUTE.AMAZONAWS.COM",Microsoft Windows,,"AWS, CrowdStrike, Nessus, Qualys, Wiz, runZero"
"23.20.2.21, 172.31.2.21, fde9:727a:a288:c890:f9a0:8190:52d4:31b",AWS,e9cbe913-4b76-4138-b4d5-75980673af70,1759385646,"RZCLOUD-SERVER-221, RZCLOUD-SERVER-221.CORP.RUNZERO.COM, RZCLOUD-SERVER-221.COMPUTE.AMAZONAWS.COM, RZCLOUD-SERVER-221.COMPUTE.INTERNAL, RZCLOUD-SERVER-221.US-EAST-2.COMPUTE.AMAZONAWS.COM",Microsoft Windows,,"AWS, CrowdStrike, Nessus, Qualys, Wiz, runZero"
"23.20.4.16, 172.31.4.16, fde9:727a:368a:6f4a:84cf:8fea:dc92:ece2",AWS,ef239043-3367-465a-9d6d-9a68c653d50d,1759385646,"RZCLOUD-SERVER-416, RZCLOUD-SERVER-416.COMPUTE.AMAZONAWS.COM, RZCLOUD-SERVER-416.COMPUTE.INTERNAL, RZCLOUD-SERVER-416.US-EAST-2.COMPUTE.AMAZONAWS.COM",Microsoft Windows,,"AWS, CrowdStrike, Nessus, Qualys, Wiz, runZero"
10.0.2.30,Apple,f5d78b41-2bb8-4b6e-93d3-ea60d725d99b,1759385531,RZHQ-LAPTOP-230,Apple macOS,,"AzureAD, CrowdStrike, Nessus, runZero"
10.0.9.2,,f28e14bf-5e36-48bf-8fb7-2b523345aeae,1759385541,RZHQ-FIREWALL-92,Microsoft Windows,,runZero
"23.20.0.49, 172.31.0.49, fde9:727a:81ba:15db:312:9c0c:d63c:2255",AWS,f4d2f407-b145-444b-a202-2a6995446a31,1759385646,"RZCLOUD-SERVER-049, RZCLOUD-SERVER-049.COMPUTE.AMAZONAWS.COM, RZCLOUD-SERVER-049.COMPUTE.INTERNAL, RZCLOUD-SERVER-049.US-EAST-2.COMPUTE.AMAZONAWS.COM",Microsoft Windows,,"AWS, CrowdStrike, Nessus, Qualys, Wiz, runZero"
"23.20.1.7, 172.31.1.7, fde9:727a:a87e:8908:4ae2:d549:2f44:3cd8",AWS,f6739a66-40b9-4368-bb26-8ad6ec5bb063,1759385644,"RZCLOUD-SERVER-17, RZCLOUD-SERVER-17.RUNZERO.LOCAL, RZCLOUD-SERVER-17.COMPUTE.AMAZONAWS.COM, RZCLOUD-SERVER-17.COMPUTE.INTERNAL, RZCLOUD-SERVER-17.US-EAST-2.COMPUTE.AMAZONAWS.COM",Microsoft Windows,,"AWS, CrowdStrike, Nessus, Qualys, Wiz, runZero"
"23.20.3.26, 172.31.3.26, fde9:727a:d5a1:922a:fb81:6d91:2dc7:566c",AWS,f4dc6582-7758-4349-9e76-40eedda75c35,1759385646,"RZCLOUD-SERVER-326, RZCLOUD-SERVER-326.RUNZERO.LOCAL, RZCLOUD-SERVER-326.COMPUTE.AMAZONAWS.COM, RZCLOUD-SERVER-326.COMPUTE.INTERNAL, RZCLOUD-SERVER-326.US-EAST-2.COMPUTE.AMAZONAWS.COM",Microsoft Windows,,"AWS, CrowdStrike, Nessus, Qualys, Wiz, runZero"
"23.20.4.40, 172.31.4.40, fde9:727a:bec5:8086:cc7e:541f:559e:9baf",AWS,f184ac55-f086-4011-968b-2651f1377cdf,1759385646,"RZCLOUD-SERVER-440, RZCLOUD-SERVER-440.RUNZERO.LOCAL, RZCLOUD-SERVER-440.COMPUTE.AMAZONAWS.COM, RZCLOUD-SERVER-440.COMPUTE.INTERNAL, RZCLOUD-SERVER-440.US-EAST-2.COMPUTE.AMAZONAWS.COM",Microsoft Windows,,"AWS, CrowdStrike, Nessus, Qualys, Wiz, runZero"
10.0.9.8,Microsoft,fca319a1-8dc2-4e11-adfb-2de8092a32ff,1759385541,RZHQ-LAPTOP-98,Microsoft Windows 11,,"AzureAD, CrowdStrike, Nessus, runZero"
"10.0.12.4, 192.168.30.56",Apple,fba8ae67-9e03-40cd-b2d8-5225c04b44d1,1759385617,RZDC-LAPTOP-124,Apple macOS,,"AzureAD, CrowdStrike, Custom, Nessus, runZero"
"10.0.19.39, 192.168.30.56",Apple,fc5a1f46-7f44-4743-a8cc-e521808e8a0e,1759385620,RZDC-LAPTOP-1939,Apple macOS,,"AzureAD, CrowdStrike, Custom, Nessus, runZero"
"23.20.2.45, 172.31.2.45, fde9:727a:750a:88e:fb94:8f12:dda5:e054",AWS,f9392e52-6380-467a-9286-63e962fb6815,1759385645,"RZCLOUD-SERVER-245, RZCLOUD-SERVER-245.CORP.RUNZERO.COM, RZCLOUD-SERVER-245.COMPUTE.AMAZONAWS.COM, RZCLOUD-SERVER-245.COMPUTE.INTERNAL, RZCLOUD-SERVER-245.US-EAST-2.COMPUTE.AMAZONAWS.COM",Microsoft Windows,,"AWS, CrowdStrike, Nessus, Qualys, Wiz, runZero"
